Cluster,Data_Index
1,AO-A12D.01TCGA_1_Her2
1,C8-A131.01TCGA_1_Basal
2,AO-A12B.01TCGA_2_LumB
1,BH-A18Q.02TCGA_1_Basal
2,C8-A130.02TCGA_2_Her2
2,C8-A138.03TCGA_2_Her2
3,E2-A154.03TCGA_3_LumA
1,C8-A12L.04TCGA_1_Her2
3,A2-A0EX.04TCGA_3_LumA
1,AO-A12D.05TCGA_1_Her2
2,AN-A04A.05TCGA_2_LumA
3,BH-A0AV.05TCGA_3_Basal
2,C8-A12T.06TCGA_2_Her2
2,A8-A06Z.07TCGA_2_LumB
1,A2-A0CM.07TCGA_1_Basal
3,BH-A18U.08TCGA_3_LumB
1,A2-A0EQ.08TCGA_1_Her2
1,AR-A0U4.09TCGA_1_Basal
3,AO-A0J9.10TCGA_3_LumA
2,AR-A1AP.11TCGA_2_LumA
2,AN-A0FK.11TCGA_2_LumB
3,AO-A0J6.11TCGA_2_LumB
2,A7-A13F.12TCGA_2_LumB
3,BH-A0E1.12TCGA_3_LumA
1,A7-A0CE.13TCGA_1_Basal
2,A2-A0YC.13TCGA_2_LumA
2,AO-A0JC.14TCGA_3_Basal
2,A8-A08Z.14TCGA_2_LumA
3,AR-A0TX.14TCGA_3_Her2
2,A8-A076.15TCGA_2_Her2
2,AO-A126.15TCGA_2_LumA
1,BH-A0C1.16TCGA_1_LumA
3,A2-A0EY.16TCGA_3_LumB
2,AR-A1AW.17TCGA_2_LumA
2,AR-A1AV.17TCGA_2_LumB
3,C8-A135.17TCGA_3_Her2
3,A2-A0EV.18TCGA_3_LumA
2,AN-A0AM.18TCGA_2_LumB
3,D8-A142.18TCGA_3_Basal
1,AN-A0FL.19TCGA_1_Basal
2,BH-A0DG.19TCGA_2_LumA
2,AR-A0TV.20TCGA_2_LumB
3,C8-A12Z.20TCGA_3_Her2
3,AO-A0JJ.20TCGA_3_LumA
3,AO-A0JE.21TCGA_3_Her2
2,AN-A0AJ.21TCGA_2_LumB
2,A7-A0CJ.22TCGA_2_LumB
1,AO-A12F.22TCGA_1_Basal
2,A8-A079.23TCGA_2_LumB
3,A2-A0T3.24TCGA_3_LumB
3,A2-A0YD.24TCGA_3_LumA
2,AR-A0TR.25TCGA_2_LumA
2,AO-A03O.25TCGA_2_LumB
2,AO-A12E.26TCGA_2_LumA
2,A8-A06N.26TCGA_2_LumB
2,A2-A0YG.27TCGA_3_LumB
2,BH-A18N.27TCGA_2_LumA
1,AN-A0AL.28TCGA_1_Basal
3,A2-A0T6.29TCGA_3_LumA
1,E2-A158.29TCGA_1_Basal
2,E2-A15A.29TCGA_2_LumB
2,AO-A0JM.30TCGA_2_LumB
1,C8-A12V.30TCGA_1_Basal
1,A2-A0D2.31TCGA_1_Basal
1,C8-A12U.31TCGA_1_LumB
2,AR-A1AS.31TCGA_2_LumA
2,A8-A09G.32TCGA_1_Her2
1,C8-A131.32TCGA_1_Basal
1,C8-A134.32TCGA_1_Basal
3,A2-A0YF.33TCGA_3_LumA
2,BH-A0DD.33TCGA_2_LumB
3,BH-A0E9.33TCGA_3_LumA
1,AR-A0TT.34TCGA_1_LumB
2,AO-A12B.34TCGA_2_LumB
3,A2-A0SW.35TCGA_3_LumB
3,AO-A0JL.35TCGA_3_Basal
3,BH-A0BV.35TCGA_3_LumA
3,A2-A0YM.36TCGA_3_Basal
2,BH-A0C7.36TCGA_3_LumB
3,A2-A0SX.36TCGA_3_Basal
3,263d3f-I.CPTAC_3_0
3,blcdb9-I.CPTAC_3_0
3,c4155b-C.CPTAC_3_0
